1688169600,0.2129,0.2131,0.2129,0.2131,1813.7197364,2
1688173200,0.2125,0.2125,0.2125,0.2125,145.68583,1
1688191200,0.2081,0.2081,0.2081,0.2081,34.52016288,1
1688198400,0.2102,0.2102,0.2102,0.2102,1.07E+3,2
1688216400,0.2147,0.2188,0.2147,0.2181,1146.00563613,5
1688220000,0.2168,0.217,0.2164,0.2164,3916.86162947,7
1688223600,0.2155,0.2157,0.2155,0.2157,4762.42878373,3
1688238000,0.217,0.217,0.217,0.217,1787.36521499,1
1688241600,0.2173,0.2174,0.2173,0.2174,1.5E+3,2
1688248800,0.2199,0.2216,0.2199,0.2216,4129.14117302,6
1688252400,0.2254,0.2254,0.2254,0.2254,43.79386949,1
1688256000,0.2262,0.2274,0.2245,0.2245,7984.58475946,11
1688259600,0.2249,0.2268,0.2246,0.2256,3346.62733,9
1688263200,0.2233,0.2233,0.2214,0.2214,5078.37855223,5
1688266800,0.2171,0.2171,0.2171,0.2171,941.83698559,1
1688270400,0.2169,0.2169,0.2169,0.2169,30.27244838,1
1688281200,0.218,0.218,0.218,0.218,7963.89700027,2
1688284800,0.2183,0.2183,0.217,0.217,22323.18004969,7
1688288400,0.2162,0.2162,0.2157,0.2161,1164.80033,3
1688292000,0.2171,0.2171,0.2171,0.2171,18.4889,1
1688299200,0.2169,0.2169,0.2169,0.2169,93.95828218,1
1688302800,0.2164,0.2164,0.2164,0.2164,1814.61307657,1
1688306400,0.2183,0.2183,0.2183,0.2183,34.55902359,1
1688310000,0.2178,0.2178,0.2129,0.2129,21882.89393292,13
1688313600,0.2166,0.2184,0.2166,0.2184,33746.23173472,7
1688317200,0.2186,0.2186,0.2186,0.2186,4.8E+2,1
1688320800,0.2159,0.2159,0.2159,0.2159,2837.00195363,2
1688328000,0.2168,0.217,0.2168,0.217,13615,4
1688331600,0.2164,0.2164,0.2164,0.2164,1035.63861,1
1688335200,0.2194,0.2194,0.2194,0.2194,3422.89459851,1
1688346000,0.2183,0.2188,0.2183,0.2188,354.35306096,2
1688349600,0.2215,0.2217,0.2215,0.2217,642.23405928,2
1688353200,0.222,0.222,0.222,0.222,34.55902359,1
1688356800,0.2206,0.2206,0.2206,0.2206,233.53573097,1
1688364000,0.22,0.22,0.22,0.22,353.98681818,1
1688371200,0.2218,0.2218,0.2212,0.2212,3563.69282292,2
1688374800,0.2216,0.2216,0.2216,0.2216,3982.21668931,1
1688382000,0.2223,0.2223,0.2223,0.2223,114.52130096,1
1688392800,0.2221,0.2221,0.222,0.222,13626.84333922,3
1688396400,0.225,0.225,0.225,0.225,691.24423963,1
1688400000,0.2248,0.2248,0.2248,0.2248,463.12194585,1
1688403600,0.2266,0.2266,0.226,0.226,1929.3482349,3
1688410800,0.2268,0.2268,0.2268,0.2268,704.27060379,2
1688418000,0.2249,0.2249,0.224,0.224,20072.04717898,3
1688421600,0.2242,0.2247,0.2242,0.2247,561.28702545,2
1688432400,0.2225,0.2225,0.2225,0.2225,985.55640449,1
1688446800,0.2226,0.2231,0.2226,0.2231,1792.87863125,4
1688450400,0.2236,0.2236,0.2236,0.2236,525.83517928,1
1688454000,0.2231,0.2232,0.2231,0.2231,1805.32772929,4
1688457600,0.2222,0.2222,0.2222,0.2222,138.94463975,1
1688475600,0.2215,0.2216,0.2215,0.2216,677.58344018,2
1688482800,0.2215,0.2215,0.2215,0.2215,135.25698828,1
1688490000,0.2236,0.2236,0.2233,0.2233,1702.72522171,2
1688493600,0.2213,0.2213,0.221,0.221,23740.08242816,3
1688497200,0.2187,0.2187,0.2187,0.2187,2241,1
1688518800,0.2233,0.2233,0.2233,0.2233,109.7289,1
1688522400,0.224,0.2241,0.224,0.2241,2112.20749528,2
1688529600,0.2246,0.2299,0.2241,0.2299,25277.18267278,12
1688533200,0.2298,0.2299,0.2286,0.2299,13429.94780139,5
1688540400,0.2307,0.2373,0.2302,0.2362,4964.79860132,11
1688544000,0.2372,0.2372,0.2338,0.2338,10107.64278248,5
1688547600,0.2297,0.2299,0.2297,0.2299,841.93609072,2
1688551200,0.2314,0.2314,0.2226,0.225,7317.50770429,7
1688554800,0.2249,0.2251,0.2232,0.2232,1673.43333527,3
1688558400,0.2236,0.2236,0.2227,0.2227,447.57950983,2
1688562000,0.2212,0.2237,0.2212,0.2237,449.14957113,2
1688565600,0.2244,0.2244,0.224,0.224,659.72218188,2
1688569200,0.2233,0.2233,0.2185,0.2189,9476.12310527,6
1688572800,0.2217,0.2217,0.2217,0.2217,568.22728889,2
1688576400,0.2233,0.2233,0.2229,0.2233,614.41922094,3
1688580000,0.2224,0.2233,0.2224,0.2233,448.23174484,2
1688583600,0.2244,0.2244,0.2241,0.2241,595.1492657,2
1688587200,0.2231,0.2231,0.2231,0.2231,87.2402402,1
1688590800,0.2225,0.2225,0.2224,0.2224,116.11137,2
1688594400,0.2236,0.2273,0.2236,0.227,10509.26027666,8
1688598000,0.2287,0.2289,0.2286,0.2289,20981.57380391,5
1688601600,0.2274,0.2274,0.2237,0.2238,10283.84907646,11
1688605200,0.2222,0.2241,0.2218,0.2241,59870.62510726,16
1688608800,0.2253,0.2253,0.2248,0.2248,2921.65654514,4
1688612400,0.2258,0.2258,0.2258,0.2258,1110.09220339,3
1688619600,0.2236,0.2277,0.2233,0.2277,37573.7657668,10
1688626800,0.2268,0.2268,0.2253,0.2263,2318.77556439,6
1688630400,0.2256,0.2278,0.2256,0.2278,4739.54156859,7
1688634000,0.2289,0.2289,0.2278,0.2278,4E+2,2
1688637600,0.2267,0.2267,0.2267,0.2267,7350.94207512,1
1688648400,0.2206,0.2206,0.2178,0.2178,4799.85681445,8
1688652000,0.2153,0.2153,0.2138,0.2138,3186.55177064,4
1688655600,0.2169,0.2169,0.2169,0.2169,85.80355535,1
1688666400,0.2169,0.2169,0.2168,0.2168,1.395E+4,3
1688677200,0.2158,0.2158,0.2158,0.2158,311.08535246,1
1688680800,0.2158,0.2158,0.2158,0.2158,139.0176089,1
1688684400,0.2134,0.2134,0.2134,0.2134,94.87216313,1
1688688000,0.2122,0.2122,0.2122,0.2122,235.6267672,1
1688691600,0.2117,0.2117,0.2112,0.2112,4283.38327052,2
1688698800,0.2147,0.2147,0.2147,0.2147,4E+1,1
1688716800,0.2111,0.212,0.2111,0.212,87.47793378,2
1688731200,0.2147,0.2147,0.2147,0.2147,65.46611,1
1688734800,0.2147,0.2147,0.2147,0.2147,139.0176089,1
1688738400,0.2152,0.2152,0.2146,0.215,4129.8519072,7
1688742000,0.215,0.215,0.215,0.215,317.00372093,1
1688745600,0.2146,0.2146,0.2143,0.2143,30316,3
1688763600,0.2155,0.2155,0.2155,0.2155,316.24291163,1
1688767200,0.216,0.2162,0.216,0.2162,1719.11035353,2
1688781600,0.2176,0.2176,0.217,0.217,10958.00972775,4
1688788800,0.2157,0.2157,0.2157,0.2157,5E+2,1
1688806800,0.217,0.217,0.217,0.217,7228.29767387,4
1688828400,0.2146,0.2146,0.2146,0.2146,253.49998,1
1688832000,0.216,0.216,0.216,0.216,115.74074075,1
1688850000,0.2137,0.2137,0.2137,0.2137,1714.98448767,1
1688853600,0.2145,0.2145,0.2145,0.2145,18.27,1
1688864400,0.2165,0.217,0.2164,0.217,4069.98425696,4
1688871600,0.2154,0.2154,0.2154,0.2154,105.02706976,1
1688893200,0.2154,0.2154,0.2154,0.2154,253,2
1688914800,0.2157,0.2157,0.2157,0.2157,55.68445475,1
1688932800,0.215,0.215,0.215,0.215,837.20930233,1
1688936400,0.2152,0.2152,0.2152,0.2152,46.46840148,1
1688947200,0.21,0.21,0.2097,0.2097,1.31E+3,2
1688950800,0.209,0.209,0.209,0.209,9569.37799043,1
1688958000,0.2107,0.2107,0.2104,0.2104,2E+4,7
1688976000,0.2083,0.2083,0.2083,0.2083,3E+1,1
1688979600,0.2115,0.2115,0.2115,0.2115,2349.51838275,2
1688990400,0.2118,0.2122,0.2117,0.2117,24602.17945853,5
1689019200,0.2188,0.2188,0.2188,0.2188,6E+1,1
1689022800,0.217,0.217,0.217,0.217,472.79902973,1
1689026400,0.2152,0.2152,0.2152,0.2152,267.88183,1
1689048000,0.2167,0.2167,0.2167,0.2167,7963.89700027,1
1689051600,0.2167,0.2167,0.2165,0.2165,1641.59320679,2
1689055200,0.2181,0.2181,0.2181,0.2181,144.25543365,1
1689069600,0.2155,0.2155,0.2155,0.2155,2584.65,1
1689076800,0.2164,0.2164,0.2164,0.2164,130.6209796,1
1689102000,0.2144,0.2144,0.2144,0.2144,1867.70102608,1
1689105600,0.2149,0.2149,0.2149,0.2149,139.59981387,1
1689109200,0.2158,0.2158,0.2158,0.2158,94.06858,2
1689116400,0.2199,0.2211,0.2199,0.2211,385.96153422,3
1689123600,0.2238,0.2239,0.2238,0.2239,110.04184325,2
1689127200,0.2247,0.2247,0.2247,0.2247,1783.98282948,1
1689130800,0.2238,0.2238,0.2238,0.2238,2199.71468654,1
1689134400,0.2224,0.2224,0.2224,0.2224,1078.64986086,1
1689145200,0.2251,0.2251,0.2251,0.2251,110.06404265,1
1689148800,0.2238,0.2238,0.2238,0.2238,9E+1,1
1689152400,0.2228,0.2249,0.2228,0.2249,3960.14565514,3
1689159600,0.224,0.224,0.224,0.224,1740.10183636,1
1689163200,0.2236,0.2236,0.2236,0.2236,4.5E+3,1
1689166800,0.2243,0.2255,0.2243,0.2255,11477.28985083,8
1689170400,0.2255,0.2261,0.2255,0.2261,4.01E+3,2
1689184800,0.2245,0.2245,0.2245,0.2245,877.61528,1
1689188400,0.2254,0.2254,0.2215,0.2215,17342.97671695,6
1689192000,0.2225,0.2225,0.2225,0.2225,160.73988657,1
1689199200,0.2253,0.2282,0.2253,0.2274,796.16679504,5
1689202800,0.228,0.2296,0.228,0.2296,1458.34148292,5
1689206400,0.2286,0.2286,0.2272,0.2272,496.69770937,2
1689213600,0.2244,0.2244,0.224,0.224,1.13E+3,2
1689246000,0.2265,0.2265,0.2262,0.2262,4543.33755999,3
1689260400,0.2314,0.2314,0.2308,0.2308,15297.20490835,7
1689264000,0.2317,0.2317,0.2305,0.2305,15605.76938532,11
1689267600,0.2299,0.2317,0.2299,0.2317,7282.53238447,4
1689271200,0.2342,0.2344,0.2307,0.2307,734.1649222,4
1689274800,0.2332,0.2332,0.2332,0.2332,8E+1,1
1689282000,0.2324,0.2368,0.2315,0.2367,37900.7451774,25
1689285600,0.2371,0.238,0.2359,0.2359,10628.98218027,10
1689292800,0.2341,0.2351,0.2341,0.2351,4.11E+3,4
1689296400,0.235,0.2357,0.235,0.2357,994.78113654,4
1689300000,0.2333,0.2337,0.2333,0.2337,475.09266181,2
1689303600,0.2344,0.2344,0.2344,0.2344,46.46840148,1
1689314400,0.236,0.236,0.2353,0.2353,8834.69292567,3
1689318000,0.2358,0.2358,0.233,0.233,1315.52311566,4
1689332400,0.2357,0.236,0.2357,0.236,1.5E+4,7
1689336000,0.2374,0.2374,0.2374,0.2374,8E+2,1
1689339600,0.2367,0.2392,0.2367,0.2392,12349.75355089,11
1689343200,0.2396,0.2403,0.2394,0.2403,10488.90761838,11
1689346800,0.241,0.2427,0.2405,0.2405,14441.95102086,8
1689350400,0.24,0.2402,0.2399,0.2402,6653,3
1689354000,0.2355,0.2361,0.2355,0.2361,5555,6
1689357600,0.2354,0.2354,0.2246,0.225,43224.77440465,20
1689361200,0.227,0.2282,0.2267,0.2267,7917.96595812,6
1689364800,0.2268,0.2286,0.2268,0.2286,939.7903174,3
1689372000,0.23,0.23,0.23,0.23,274.04217391,1
1689375600,0.23,0.233,0.23,0.233,32925.95782609,12
1689379200,0.2359,0.2375,0.2359,0.2364,17069.48051208,10
1689386400,0.239,0.2393,0.239,0.2393,17040.72278537,7
1689390000,0.2375,0.2375,0.2374,0.2374,390.84597504,2
1689393600,0.2341,0.2341,0.2341,0.2341,89.99875,1
1689400800,0.2364,0.2364,0.2364,0.2364,16921,3
1689404400,0.2398,0.242,0.2398,0.242,36992.45583788,13
1689408000,0.2428,0.244,0.2406,0.244,15509.36394451,10
1689411600,0.2462,0.248,0.2452,0.248,40084.05577691,19
1689415200,0.2464,0.2464,0.2436,0.2439,9707.70759286,6
1689426000,0.24,0.24,0.24,0.24,625,1
1689429600,0.2403,0.2432,0.2403,0.2432,1807.60877,3
1689433200,0.2439,0.2439,0.2416,0.2425,7740.0123,5
1689436800,0.2405,0.2405,0.2404,0.2404,5675.25995479,3
1689458400,0.2425,0.2425,0.2415,0.2415,13034.13003581,4
1689465600,0.2401,0.2401,0.2394,0.2395,6992.0125616,4
1689469200,0.242,0.242,0.24,0.24,727.81046694,2
1689472800,0.2359,0.2363,0.2359,0.2363,1593.50198837,2
1689490800,0.2389,0.2399,0.2389,0.2396,1003.29425019,5
1689494400,0.2393,0.2393,0.2393,0.2393,2193.89887171,1
1689498000,0.2394,0.2394,0.2394,0.2394,912.86549708,3
1689501600,0.2372,0.2372,0.2372,0.2372,5.9E+3,1
1689505200,0.237,0.237,0.237,0.237,29.84616,1
1689512400,0.2368,0.2368,0.2368,0.2368,225,1
1689548400,0.2326,0.2335,0.2326,0.2335,740.64209641,2
1689552000,0.2364,0.2404,0.2364,0.2404,407.5943009,3
1689555600,0.2419,0.2419,0.2419,0.2419,1191.36868782,1
1689559200,0.2386,0.2386,0.2386,0.2386,200.68289951,1
1689562800,0.2399,0.2399,0.2399,0.2399,54.99525,1
1689566400,0.245,0.245,0.245,0.245,5E+3,1
1689570000,0.2456,0.2456,0.2452,0.2452,5941.48632334,3
1689573600,0.248,0.248,0.247,0.247,9.3E+3,4
1689577200,0.2454,0.2454,0.2454,0.2454,37.54179,1
1689580800,0.2467,0.2476,0.2467,0.2476,1921.193866,3
1689584400,0.2499,0.2499,0.2455,0.2474,1269.26164947,3
1689588000,0.2509,0.2524,0.2452,0.2489,51501.42662257,20
1689591600,0.2455,0.2465,0.2455,0.2465,8105.22636266,2
1689595200,0.2427,0.2489,0.2427,0.248,17734.26320933,13
1689598800,0.2496,0.2511,0.2496,0.2511,2394.87766367,6
1689602400,0.247,0.2471,0.247,0.2471,12741.80543443,2
1689606000,0.247,0.247,0.2441,0.2452,8086.2990545,12
1689609600,0.2488,0.2491,0.245,0.2452,28793.15803064,8
1689613200,0.2407,0.2422,0.2402,0.2408,50400.52766891,12
1689616800,0.239,0.239,0.2379,0.2379,475.51504493,2
1689620400,0.2401,0.2401,0.2389,0.2389,1603.55045718,4
1689624000,0.2381,0.2381,0.2381,0.2381,1737.03653624,2
1689627600,0.2415,0.2442,0.2415,0.2442,19313.59771761,4
1689649200,0.2413,0.2413,0.2413,0.2413,174.96,1
1689660000,0.2377,0.2377,0.2364,0.2364,2513.9091109,3
1689663600,0.2369,0.2369,0.2369,0.2369,1822.6589172,1
1689678000,0.238,0.238,0.238,0.238,6807.05699289,4
1689681600,0.2315,0.2315,0.2309,0.2309,2E+4,7
1689685200,0.231,0.2325,0.231,0.2325,3019.43757216,2
1689692400,0.2325,0.2327,0.2325,0.2327,1111.83444531,2
1689696000,0.23,0.23,0.2298,0.2298,27460.19304347,3
1689699600,0.2298,0.2298,0.2298,0.2298,543.95126196,1
1689703200,0.2292,0.2292,0.2292,0.2292,121.88309,1
1689706800,0.2296,0.2296,0.2285,0.2286,179.6977597,3
1689710400,0.2288,0.2288,0.2288,0.2288,439.84473817,1
1689714000,0.2305,0.2305,0.2305,0.2305,2797.63284662,1
1689728400,0.2338,0.2338,0.2337,0.2337,2E+3,2
1689735600,0.2338,0.2338,0.2338,0.2338,20.20358,1
1689746400,0.2338,0.2338,0.2338,0.2338,42.77159964,1
1689771600,0.2295,0.2295,0.2295,0.2295,1109.93983,1
1689775200,0.229,0.229,0.229,0.229,65.44502234,1
1689778800,0.229,0.229,0.229,0.229,1301.89922658,1
1689782400,0.2302,0.2302,0.2302,0.2302,3458,1
1689786000,0.2307,0.2309,0.2307,0.2309,10860.1198,4
1689793200,0.2314,0.2314,0.2313,0.2313,30716.96938768,8
1689796800,0.2309,0.2309,0.23,0.23,1412,4
1689800400,0.23,0.23,0.229,0.229,2189.26463869,5
1689804000,0.2311,0.2311,0.2296,0.2296,96.17395718,2
1689807600,0.2302,0.2302,0.2302,0.2302,43.41432,1
1689814800,0.2314,0.2314,0.2304,0.2304,2454.75977542,2
1689818400,0.2319,0.2324,0.2319,0.2324,23.80394,2
1689829200,0.2304,0.2304,0.2304,0.2304,2193.89887171,1
1689832800,0.2332,0.2332,0.2332,0.2332,8.5E+2,1
1689840000,0.2331,0.2338,0.2331,0.2338,8152.5002955,2
1689843600,0.2339,0.2344,0.2339,0.2344,76.60521234,3
1689847200,0.2344,0.2344,0.2344,0.2344,1.4E+3,1
1689858000,0.2335,0.2335,0.2335,0.2335,160.64496238,1
1689861600,0.2324,0.2324,0.2324,0.2324,6.1E+3,2
1689879600,0.229,0.229,0.229,0.229,28.35287,1
1689890400,0.2306,0.2306,0.2306,0.2306,3E+1,1
1689897600,0.2301,0.2301,0.229,0.229,1176.10736546,2
1689904800,0.2313,0.2313,0.2313,0.2313,108.08473844,1
1689933600,0.2289,0.2289,0.2289,0.2289,611.2197049,3
1689937200,0.2294,0.2294,0.2294,0.2294,65.38796861,1
1689940800,0.2292,0.2303,0.2292,0.2303,6832.46831,2
1689948000,0.2304,0.2304,0.2304,0.2304,61.98,1
1689958800,0.2308,0.2308,0.2308,0.2308,5.17939,1
1689962400,0.2316,0.2316,0.2315,0.2315,1079.62,2
1689966000,0.2299,0.2309,0.2299,0.2309,7798.4675956,3
1689973200,0.2307,0.2308,0.2256,0.2305,209328.5065067299,34
1689984000,0.2298,0.2298,0.2297,0.2297,515.38796861,2
1689991200,0.2302,0.2302,0.2302,0.2302,175.56349975,1
1689994800,0.2302,0.2302,0.2302,0.2302,101.01213,1
1689998400,0.2313,0.2313,0.2312,0.2312,1488.82061932,2
1690009200,0.231,0.2311,0.231,0.2311,4349.4079448,2
1690012800,0.2323,0.2323,0.2323,0.2323,3225.97622414,1
1690016400,0.2315,0.2315,0.2315,0.2315,754.1892,1
1690020000,0.2293,0.2293,0.2292,0.2292,3777.34751476,3
1690027200,0.2301,0.2301,0.2301,0.2301,551.73853858,1
1690034400,0.2313,0.2313,0.2313,0.2313,1076.35314662,1
1690038000,0.2308,0.2311,0.2308,0.2311,213.95103104,2
1690041600,0.231,0.231,0.231,0.231,8991.74355219,2
1690052400,0.2316,0.2316,0.2316,0.2316,3237.12323739,1
1690056000,0.2312,0.2312,0.2312,0.2312,1167.0761671,2
1690066800,0.2283,0.2283,0.2283,0.2283,65.76748858,1
1690070400,0.2289,0.2291,0.2289,0.2291,5582.17295552,4
1690102800,0.2322,0.2322,0.2322,0.2322,6.5E+3,2
1690113600,0.2315,0.2315,0.2315,0.2315,5817.80454988,3
1690117200,0.2315,0.2315,0.2315,0.2315,2034.53200496,1
1690120800,0.2315,0.2315,0.2315,0.2315,2301.59428809,2
1690124400,0.2345,0.2345,0.2345,0.2345,624.93989608,1
1690128000,0.2347,0.236,0.2347,0.236,745.28324853,4
1690131600,0.2354,0.2354,0.2353,0.2353,14024.37187903,4
1690135200,0.236,0.2365,0.236,0.2365,531.694,3
1690142400,0.2349,0.2351,0.2349,0.2351,2330.86513046,3
1690153200,0.2358,0.2359,0.2358,0.2359,1073.18574,2
1690156800,0.2354,0.2359,0.2354,0.2359,295.19926,2
1690167600,0.229,0.229,0.229,0.229,352.56593886,1
1690174800,0.2299,0.2299,0.2299,0.2299,896.86098655,1
1690182000,0.2311,0.2311,0.2311,0.2311,56.54824751,1
1690185600,0.2299,0.2299,0.2299,0.2299,515.87626594,1
1690189200,0.2283,0.2283,0.219,0.2216,62893.33637531,16
1690192800,0.2228,0.2237,0.2221,0.2228,12097.06145571,5
1690196400,0.2228,0.2228,0.2228,0.2228,178.30576752,1
1690200000,0.2202,0.2202,0.2202,0.2202,223.91401,1
1690207200,0.2193,0.2195,0.2188,0.2195,55900.08223234,7
1690210800,0.2178,0.2184,0.2166,0.2183,9556.87806013,8
1690225200,0.2181,0.2181,0.218,0.218,1.5E+4,3
1690228800,0.2162,0.2166,0.2162,0.2166,675.92352527,2
1690232400,0.2176,0.2176,0.2171,0.2173,1698.84776444,4
1690239600,0.2191,0.2191,0.2189,0.2189,655.32,2
1690246800,0.2155,0.2155,0.2145,0.2145,27690.72169838,12
1690250400,0.2167,0.2167,0.2167,0.2167,22.84006,1
1690257600,0.2149,0.2149,0.2149,0.2149,227.97571,1
1690268400,0.215,0.215,0.215,0.215,7.3E+3,1
1690272000,0.2131,0.2137,0.2131,0.2137,621.93618916,2
1690275600,0.2168,0.2168,0.2168,0.2168,2671.3026727,1
1690282800,0.2156,0.2156,0.2156,0.2156,1174.0001087,1
1690297200,0.2159,0.2159,0.2159,0.2159,9.07828,1
1690300800,0.2156,0.2165,0.2155,0.2165,5668.32764346,4
1690304400,0.2159,0.2159,0.2159,0.2159,622,1
1690308000,0.2171,0.2171,0.2171,0.2171,1E+2,1
1690315200,0.2161,0.2161,0.2151,0.2158,1393.25907362,4
1690318800,0.2163,0.2163,0.2163,0.2163,341.27534522,1
1690326000,0.2168,0.2168,0.2168,0.2168,226.8319,1
1690329600,0.217,0.217,0.2169,0.2169,737.83725384,6
1690333200,0.2163,0.2163,0.2154,0.2154,1487.74120792,2
1690336800,0.2155,0.2155,0.2155,0.2155,335716.0137790699,103
1690344000,0.2163,0.2163,0.2141,0.2147,8654.58040301,7
1690351200,0.2158,0.2158,0.213,0.213,49140.578215,21
1690354800,0.2135,0.2135,0.2135,0.2135,807.93594117,1
1690358400,0.214,0.2145,0.214,0.2145,7859.63784348,5
1690362000,0.2142,0.2142,0.2142,0.2142,26.18671,1
1690365600,0.2134,0.2138,0.2134,0.2138,117.69457183,2
1690376400,0.2156,0.2156,0.2156,0.2156,956.78137523,1
1690380000,0.2161,0.2161,0.2161,0.2161,416.47385469,1
1690383600,0.2169,0.2169,0.2167,0.2167,1507.44026412,2
1690387200,0.2165,0.2165,0.2156,0.2156,9617.83194348,3
1690394400,0.2171,0.2185,0.2171,0.2185,87.94683521,2
1690398000,0.2179,0.2184,0.2169,0.2184,5815.38433538,3
1690401600,0.2191,0.2202,0.2191,0.2202,4986.04734883,7
1690412400,0.2174,0.2174,0.2174,0.2174,920.1133086,1
1690419600,0.2174,0.2174,0.2174,0.2174,5E+2,1
1690441200,0.2195,0.2195,0.2195,0.2195,7204.46569946,1
1690444800,0.2192,0.2198,0.2192,0.2198,1355.72681624,2
1690448400,0.2207,0.2207,0.2207,0.2207,136.57913,1
1690452000,0.2213,0.2213,0.2213,0.2213,801.67985,1
1690466400,0.2196,0.2196,0.2185,0.2185,9860.90118,2
1690473600,0.2199,0.2199,0.2199,0.2199,5.28805,1
1690488000,0.2193,0.2193,0.2193,0.2193,914,1
1690498800,0.2214,0.2214,0.2214,0.2214,7E+2,1
1690506000,0.2216,0.2216,0.2216,0.2216,226.96931408,1
1690513200,0.2217,0.2217,0.2217,0.2217,3446.4908671,3
1690516800,0.2197,0.2197,0.2197,0.2197,4E+2,1
1690520400,0.2201,0.2201,0.2201,0.2201,2035.54566106,3
1690538400,0.221,0.221,0.221,0.221,1154.46324143,1
1690542000,0.2204,0.2204,0.2201,0.2201,1E+4,4
1690552800,0.2232,0.2235,0.2232,0.2235,2268.42875375,3
1690556400,0.2241,0.2241,0.2241,0.2241,41.15226338,1
1690560000,0.2232,0.2235,0.2232,0.2235,4920.83089557,3
1690563600,0.2219,0.2225,0.2219,0.2225,3844.32924287,4
1690570800,0.2232,0.2232,0.2232,0.2232,1449.90319397,1
1690581600,0.2238,0.2238,0.2238,0.2238,655.37799065,1
1690585200,0.2247,0.225,0.2245,0.2245,1881.10081058,6
1690588800,0.2244,0.2245,0.2238,0.2238,7329.87784039,5
1690592400,0.2239,0.224,0.2236,0.2239,3409.38213247,5
1690596000,0.2235,0.2235,0.2228,0.2232,4860.27642774,5
1690599600,0.224,0.224,0.224,0.224,907.96667979,1
1690603200,0.2244,0.2244,0.2244,0.2244,227.27272727,1
1690610400,0.2245,0.2245,0.2244,0.2244,3211.52759977,3
1690614000,0.2244,0.2244,0.2235,0.2235,1189.52093928,3
1690617600,0.2237,0.2237,0.2234,0.2234,58.55890005,2
1690624800,0.2242,0.2242,0.2239,0.2239,1.343E+4,4
1690628400,0.2253,0.2253,0.2253,0.2253,1913.16040702,2
1690632000,0.2257,0.2259,0.2257,0.2257,4617.98118212,3
1690639200,0.226,0.226,0.226,0.226,277.9133423,1
1690642800,0.2267,0.2267,0.2267,0.2267,811.0986837,1
1690650000,0.2272,0.2277,0.2272,0.2277,5.43E+3,2
1690657200,0.2271,0.2271,0.227,0.227,1463.6302053,3
1690664400,0.2278,0.2278,0.2278,0.2278,337,1
1690671600,0.2275,0.2275,0.2275,0.2275,25,1
1690675200,0.2274,0.2274,0.2274,0.2274,1343.20023587,1
1690678800,0.2278,0.2278,0.2278,0.2278,1299.78670615,1
1690682400,0.2278,0.2278,0.2278,0.2278,520.53149736,1
1690693200,0.2291,0.2291,0.2291,0.2291,852.89148239,1
1690704000,0.2282,0.2282,0.2282,0.2282,38.58406975,1
1690711200,0.2272,0.2272,0.2268,0.2268,1887.82272118,3
1690714800,0.2254,0.2254,0.225,0.225,30401.32423993,11
1690718400,0.2242,0.2242,0.2242,0.2242,57.98394291,1
1690722000,0.2234,0.2234,0.2234,0.2234,2006.55129857,1
1690729200,0.222,0.2223,0.222,0.2223,412.46063878,2
1690743600,0.2216,0.2216,0.2198,0.2198,9437.64765342,3
1690747200,0.2174,0.2174,0.2174,0.2174,223.77593785,2
1690761600,0.224,0.224,0.224,0.224,9099.2,7
1690765200,0.2295,0.2295,0.2295,0.2295,57.98394291,1
1690768800,0.2254,0.2255,0.2254,0.2255,460.36339869,2
1690772400,0.2238,0.2238,0.2238,0.2238,393.14136936,1
1690776000,0.224,0.224,0.224,0.224,1307.02625953,1
1690779600,0.223,0.223,0.223,0.223,44.18035,2
1690783200,0.2228,0.2228,0.2228,0.2228,80.57021,1
1690790400,0.2222,0.2255,0.2213,0.2255,14234.40058788,7
1690794000,0.2254,0.2254,0.2254,0.2254,2444.58967749,1
1690797600,0.2221,0.2262,0.2221,0.2256,14840.13849731,7
1690804800,0.2219,0.2219,0.2214,0.2218,12409.61264992,6
1690808400,0.2207,0.2207,0.2205,0.2205,762.24493454,2
1690815600,0.22,0.22,0.22,0.22,582.30568358,2
1690826400,0.2201,0.2201,0.2199,0.2199,11572.44404554,5
1690830000,0.2199,0.2199,0.2198,0.2198,373.28154357,2
1690844400,0.2199,0.2199,0.2194,0.2198,7404.18890804,5
1690848000,0.2196,0.2196,0.2196,0.2196,1111.74762815,1
1690855200,0.2138,0.2138,0.2131,0.2133,5E+3,5
1690858800,0.2133,0.2133,0.2133,0.2133,234.41162681,1
1690862400,0.2134,0.2134,0.2134,0.2134,475,1
1690866000,0.2137,0.2137,0.2137,0.2137,125,1
1690873200,0.2156,0.2156,0.2156,0.2156,5E+1,1
1690876800,0.2159,0.2159,0.2159,0.2159,78.55973028,1
1690880400,0.2193,0.2195,0.2181,0.2183,41658.15969035,20
1690887600,0.2193,0.2193,0.2176,0.2176,24163.73507027,9
1690891200,0.2169,0.2192,0.2168,0.2192,25884.5376844,8
1690894800,0.2188,0.2188,0.2188,0.2188,22.34907,1
1690902000,0.2189,0.2189,0.2189,0.2189,14850.00544449,4
1690912800,0.2208,0.2208,0.2208,0.2208,4.46205,1
1690916400,0.2209,0.2209,0.2209,0.2209,8.73811,1
1690923600,0.2213,0.2213,0.2213,0.2213,2164.2053894,1
1690927200,0.2207,0.2207,0.2207,0.2207,3E+1,1
1690930800,0.2231,0.2231,0.2231,0.2231,219.50192,1
1690934400,0.2235,0.2235,0.2235,0.2235,731.82055899,1
1690941600,0.2215,0.2216,0.2215,0.2216,7636.15292978,3
1690977600,0.2172,0.2172,0.2172,0.2172,634.16206262,3
1690981200,0.2162,0.2162,0.2162,0.2162,142.87705,1
1690984800,0.2161,0.2161,0.2161,0.2161,113.1231,1
1691006400,0.2164,0.2166,0.2164,0.2166,67.29689586,2
1691042400,0.2147,0.215,0.2146,0.215,1226.96375,3
1691046000,0.2132,0.2132,0.2132,0.2132,1450.2869083,1
1691049600,0.2116,0.2116,0.2116,0.2116,2085.24213118,2
1691056800,0.2136,0.2143,0.2136,0.2143,3795.71283261,3
1691064000,0.2139,0.2139,0.2139,0.2139,1055.88031786,2
1691071200,0.2163,0.2163,0.2163,0.2163,22.71847,1
1691082000,0.215,0.215,0.215,0.215,30.07199999,1
1691085600,0.215,0.215,0.215,0.215,507.05699289,1
1691089200,0.2149,0.2149,0.2149,0.2149,30.07199999,1
1691100000,0.2139,0.2139,0.2139,0.2139,1056.06778867,2
1691114400,0.2143,0.2143,0.2143,0.2143,3415.77228184,2
1691125200,0.214,0.214,0.214,0.214,5E+1,1
1691132400,0.2108,0.2108,0.2108,0.2108,1734.6985472,1
1691150400,0.2132,0.2132,0.2132,0.2132,87.80118,1
1691154000,0.2136,0.2136,0.2136,0.2136,5264.4948089,9
1691161200,0.2151,0.2151,0.215,0.215,394.53658,2
1691164800,0.2143,0.2143,0.2143,0.2143,2365.88328403,1
1691175600,0.2119,0.2119,0.2119,0.2119,72.66357,1
1691186400,0.2111,0.2111,0.2111,0.2111,41.688072,1
1691204400,0.2098,0.2098,0.2098,0.2098,152.52621544,1
1691222400,0.2097,0.2097,0.2097,0.2097,1351.08140204,7
1691236800,0.2098,0.2098,0.2098,0.2098,563.44535566,1
1691244000,0.2111,0.2111,0.2107,0.2107,94.74182852,2
1691247600,0.2113,0.2113,0.2113,0.2113,679.66639252,1
1691251200,0.2114,0.2114,0.2105,0.2105,10606.60508,4
1691258400,0.2116,0.2116,0.2116,0.2116,224.52232616,1
1691269200,0.2123,0.2123,0.2123,0.2123,1.1E+2,1
1691272800,0.2123,0.2123,0.2123,0.2123,2348.74608,2
1691276400,0.2125,0.2126,0.2125,0.2125,11719.40811939,5
1691283600,0.2124,0.2124,0.2123,0.2123,11691.28154104,2
1691316000,0.2118,0.2118,0.2118,0.2118,2E+3,2
1691323200,0.2118,0.2118,0.2118,0.2118,2312.99038863,2
1691330400,0.2097,0.2097,0.2097,0.2097,506,1
1691337600,0.2097,0.2097,0.2097,0.2097,190.7486886,1
1691344800,0.2103,0.2103,0.2103,0.2103,1.13E+3,1
1691352000,0.2098,0.2098,0.2098,0.2098,3.5E+2,1
1691362800,0.2091,0.2091,0.2091,0.2091,5E+1,1
1691366400,0.2095,0.2095,0.2095,0.2095,1140.6200503,3
1691370000,0.21,0.2101,0.21,0.2101,9546.5,3
1691373600,0.2114,0.2114,0.2113,0.2113,1130.217,2
1691384400,0.21,0.21,0.21,0.21,2.5E+2,1
1691388000,0.2088,0.2088,0.2088,0.2088,119.73180076,1
1691395200,0.2078,0.2078,0.2078,0.2078,74.14573373,2
1691398800,0.208,0.208,0.208,0.208,274.12420132,1
1691409600,0.2087,0.2088,0.2083,0.2083,2377.08029,4
1691416800,0.2078,0.2078,0.207,0.207,4786.61312348,3
1691420400,0.2059,0.2059,0.205,0.205,10706.79319142,8
1691424000,0.203,0.2049,0.2026,0.2049,6985.13741971,8
1691427600,0.2036,0.2042,0.2036,0.2042,98.72072,2
1691438400,0.2066,0.2066,0.2066,0.2066,1122.00815,1
1691442000,0.2066,0.2067,0.2066,0.2067,3419.04719,3
1691445600,0.2063,0.2063,0.2061,0.2061,4350.71934,3
1691452800,0.2067,0.2075,0.2067,0.2075,29857.43108764,9
1691456400,0.2067,0.2067,0.2064,0.2064,917.55445722,2
1691463600,0.2065,0.2065,0.2065,0.2065,8E+3,2
1691467200,0.2076,0.2076,0.2075,0.2075,1E+4,2
1691474400,0.2075,0.2075,0.2072,0.2072,2E+4,6
1691478000,0.2066,0.2066,0.2064,0.2064,22904,5
1691481600,0.2068,0.2069,0.2068,0.2069,9024.12317438,3
1691492400,0.2089,0.2089,0.2089,0.2089,111.87929,1
1691506800,0.2122,0.2128,0.2122,0.2122,2284.0021447,4
1691510400,0.2125,0.2125,0.2115,0.2115,699.59109919,2
1691514000,0.2133,0.2133,0.2133,0.2133,1.14E+3,1
1691517600,0.2138,0.2138,0.2137,0.2137,751.74671905,2
1691521200,0.2139,0.2139,0.2136,0.2136,16778.73212,4
1691524800,0.2132,0.2132,0.2132,0.2132,5E+1,1
1691528400,0.2136,0.215,0.2136,0.2141,2200.80061038,6
1691535600,0.2142,0.2142,0.2128,0.2128,104999.65912897,34
1691542800,0.2127,0.2127,0.2127,0.2127,46.08818,1
1691546400,0.2127,0.2127,0.2116,0.2116,1442.25508598,4
1691557200,0.212,0.212,0.212,0.212,226,1
1691607600,0.2132,0.2132,0.2131,0.2131,6823.1288,2
1691614800,0.2128,0.2128,0.2128,0.2128,4.5E+3,1
1691618400,0.2131,0.2131,0.211,0.2124,254618.5989716299,43
1691622000,0.2128,0.2131,0.2128,0.2131,370.02072381,2
1691629200,0.2125,0.2125,0.2124,0.2124,1805.61803829,3
1691636400,0.2114,0.2114,0.2114,0.2114,1242.73368022,1
1691654400,0.2099,0.2099,0.2099,0.2099,433.70349931,2
1691661600,0.2108,0.2108,0.2108,0.2108,1938.03924878,1
1691665200,0.2113,0.2113,0.2113,0.2113,229.25724,1
1691668800,0.2119,0.2119,0.2108,0.2108,6442.73833114,2
1691672400,0.2105,0.2105,0.2105,0.2105,727.93466979,1
1691676000,0.21,0.21,0.21,0.21,1939.04809523,1
1691690400,0.209,0.209,0.209,0.209,321.66197,1
1691694000,0.2091,0.2091,0.2091,0.2091,937,1
1691712000,0.2098,0.2098,0.2098,0.2098,112.15743,1
1691715600,0.21,0.21,0.21,0.21,195.62193,1
1691744400,0.2095,0.2095,0.2095,0.2095,566.00035846,1
1691766000,0.2105,0.2105,0.21,0.21,28685.41647868,3
1691794800,0.2095,0.2095,0.2092,0.2092,38.04372352,2
1691798400,0.209,0.209,0.209,0.209,789.03427031,1
1691809200,0.2095,0.2095,0.2095,0.2095,1133.08958,1
1691816400,0.2097,0.2097,0.2095,0.2095,26.16673,2
1691823600,0.2095,0.2095,0.2095,0.2095,1513.60557047,2
1691830800,0.2099,0.2099,0.2099,0.2099,1016.83730466,5
1691834400,0.2099,0.2099,0.2099,0.2099,62.57388,1
1691838000,0.2105,0.2105,0.2105,0.2105,7.5E+2,1
1691852400,0.2123,0.2123,0.2115,0.2115,1446.27621,3
1691856000,0.2123,0.2123,0.2123,0.2123,190.56693664,1
1691859600,0.2129,0.2129,0.2127,0.2127,16.09194,2
1691866800,0.2115,0.2115,0.2115,0.2115,200.23605,1
1691895600,0.21,0.21,0.21,0.21,459.29447234,2
1691899200,0.2103,0.2103,0.2103,0.2103,35.35737255,1
1691906400,0.2101,0.2101,0.2101,0.2101,1007.53383,1
1691913600,0.2098,0.2098,0.2098,0.2098,191.0614141,1
1691924400,0.2109,0.2109,0.2109,0.2109,3019.35267,1
1691928000,0.211,0.211,0.211,0.211,5812.96998055,5
1691938800,0.2115,0.2115,0.2115,0.2115,186.64181,1
1691946000,0.2112,0.2112,0.2112,0.2112,1155.99555665,1
1691949600,0.2112,0.2112,0.2112,0.2112,1362.88626131,1
1691960400,0.2111,0.2111,0.2111,0.2111,186.25853,1
1691967600,0.2095,0.2116,0.2095,0.2107,69403.35796234,15
1691971200,0.2106,0.2123,0.2092,0.2093,70098.68239205,23
1691978400,0.2081,0.2097,0.2081,0.2097,262.32119193,2
1691985600,0.2098,0.2099,0.2098,0.2099,531.00783289,2
1692003600,0.2111,0.2111,0.2111,0.2111,1526.63141203,1
1692007200,0.211,0.211,0.211,0.211,3429,3
1692010800,0.211,0.211,0.2105,0.2105,1573.9261936,2
1692014400,0.2104,0.2104,0.2104,0.2104,265.66814976,1
1692018000,0.21,0.21,0.21,0.21,261.76869873,1
1692021600,0.2107,0.2116,0.2107,0.2116,3812.5265656,3
1692032400,0.2115,0.2115,0.2115,0.2115,335.21107805,1
1692050400,0.2115,0.2115,0.2115,0.2115,447.19282,1
1692061200,0.2096,0.2096,0.2096,0.2096,89.30922,1
1692064800,0.209,0.209,0.209,0.209,993.69820981,3
1692068400,0.2089,0.2089,0.2087,0.2087,844.34005859,2
1692075600,0.208,0.208,0.2079,0.2079,1536.59045714,2
1692079200,0.2073,0.2073,0.2073,0.2073,9060.56802027,2
1692082800,0.2073,0.2073,0.2073,0.2073,5543.0981758,1
1692086400,0.2073,0.2073,0.2073,0.2073,1200.95266904,1
1692093600,0.2067,0.2067,0.2067,0.2067,918.38901,1
1692100800,0.2062,0.2062,0.2062,0.2062,1633.00429974,2
1692104400,0.2065,0.2065,0.2064,0.2064,41437.62666801,7
1692108000,0.2058,0.2058,0.2057,0.2057,245.36978606,3
1692126000,0.2032,0.2032,0.1873,0.1974,81803.20666187,57
1692133200,0.1985,0.2007,0.1985,0.2007,5252.61321716,4
1692140400,0.1997,0.1997,0.1997,0.1997,556.56935,1
1692147600,0.1986,0.1986,0.1984,0.1984,5.29E+3,4
1692151200,0.196,0.196,0.196,0.196,91.06798982,1
1692158400,0.1951,0.1951,0.1951,0.1951,241.73532,1
1692165600,0.1933,0.1933,0.1933,0.1933,787.3143492,1
1692172800,0.1931,0.1931,0.1912,0.1912,731.06094544,3
1692176400,0.1901,0.1901,0.1892,0.1892,26488.58320262,16
1692183600,0.1895,0.1895,0.1895,0.1895,331.52475,1
1692187200,0.189,0.189,0.1866,0.1882,3920.77675529,6
1692190800,0.1886,0.1886,0.1881,0.1881,1404.65739572,4
1692194400,0.1881,0.1899,0.1881,0.1899,695.25119701,3
1692201600,0.1872,0.1872,0.1872,0.1872,3070.00001,1
1692212400,0.188,0.188,0.187,0.1872,7648.3108,7
1692216000,0.1869,0.1872,0.1817,0.1826,10184.21818952,11
1692219600,0.1809,0.1815,0.1797,0.1815,6396.97829788,8
1692223200,0.1818,0.1818,0.1818,0.1818,35.35737255,1
1692230400,0.1816,0.1816,0.181,0.181,1185.37312111,2
1692244800,0.1862,0.1862,0.1862,0.1862,6E+1,2
1692252000,0.1872,0.1873,0.187,0.1873,5488.95002362,6
1692255600,0.1871,0.1871,0.1871,0.1871,2511.28594334,1
1692259200,0.1856,0.1856,0.1856,0.1856,1619.94130339,1
1692284400,0.1832,0.1832,0.1788,0.1788,2898.94607924,8
1692291600,0.1798,0.1798,0.1798,0.1798,773.08120133,1
1692306000,0.179,0.179,0.1557,0.1632,170068.28053722,96
1692309600,0.1642,0.1667,0.1615,0.1667,54269.69924262,39
1692313200,0.1673,0.1673,0.1661,0.1661,37238.67194274,15
1692316800,0.1657,0.1703,0.1657,0.1701,32593.9629914,19
1692320400,0.1687,0.1687,0.1681,0.1681,3268.19224093,3
1692324000,0.168,0.168,0.1671,0.1671,2919.17790479,6
1692327600,0.168,0.1701,0.168,0.1701,9499.29301298,3
1692331200,0.1692,0.1692,0.167,0.167,889.27484379,3
1692334800,0.1678,0.1704,0.1678,0.17,805.65308241,3
1692338400,0.1714,0.1721,0.1714,0.1721,920.64543696,4
1692342000,0.1718,0.1718,0.1713,0.1713,2291.63021289,2
1692345600,0.1717,0.1717,0.1703,0.1703,584.37724423,2
1692352800,0.1695,0.1695,0.1692,0.1692,4361.11088976,3
1692356400,0.1686,0.1686,0.1686,0.1686,296.38411381,1
1692360000,0.1696,0.1696,0.1683,0.1683,7774.13234445,5
1692370800,0.1703,0.1703,0.1695,0.1695,38979.94009084,11
1692374400,0.1694,0.17,0.1694,0.17,14452.9556294,4
1692381600,0.1717,0.1717,0.1717,0.1717,492.17876318,1
1692392400,0.1712,0.1712,0.1712,0.1712,1E+3,1
1692403200,0.1712,0.1719,0.1712,0.1719,835.11307,2
1692460800,0.1732,0.1732,0.1732,0.1732,1492.14780454,2
1692471600,0.1727,0.1727,0.1727,0.1727,321.83506278,1
1692475200,0.1714,0.1714,0.1714,0.1714,1655.18763,2
1692489600,0.1732,0.1732,0.1732,0.1732,1.8E+3,1
1692493200,0.1734,0.1736,0.1734,0.1736,1463.86302,3
1692500400,0.1741,0.1741,0.1737,0.1737,2250.00310897,3
1692507600,0.1732,0.1732,0.1732,0.1732,2836.9699769,1
1692514800,0.173,0.173,0.173,0.173,817.46841372,1
1692518400,0.1746,0.1769,0.1746,0.175,2502.77111397,6
1692547200,0.1729,0.1729,0.1729,0.1729,1635,2
1692561600,0.1747,0.1747,0.1747,0.1747,324.27159,1
1692586800,0.1707,0.1709,0.1707,0.1709,6583.06654994,3
1692604800,0.1699,0.1699,0.1692,0.1692,1129.2148063,2
1692608400,0.1692,0.1692,0.1692,0.1692,3781.71065815,1
1692612000,0.168,0.1681,0.168,0.1681,1368.24806662,3
1692619200,0.1703,0.1703,0.1703,0.1703,1503.4,1
1692622800,0.1695,0.1695,0.1695,0.1695,6.24726,1
1692626400,0.1699,0.1699,0.1696,0.1696,30456.29497535,6
1692630000,0.1662,0.1664,0.165,0.1664,3329.01340811,8
1692633600,0.1679,0.1679,0.1679,0.1679,205.35623,1
1692644400,0.1696,0.1703,0.1695,0.1698,81811.61245307,28
1692648000,0.1697,0.1702,0.1697,0.1702,69741.20607521,17
1692651600,0.1702,0.1705,0.1698,0.1705,57257.11982497,23
1692655200,0.1704,0.1704,0.1704,0.1704,10005.78182,5
1692658800,0.1703,0.1703,0.1703,0.1703,213.58528,1
1692662400,0.1698,0.1698,0.1698,0.1698,2880.48847609,1
1692669600,0.17,0.17,0.17,0.17,1.7E+4,3
1692676800,0.169,0.169,0.169,0.169,2899.83903,3
1692684000,0.1677,0.1677,0.1667,0.1667,4898.91470534,4
1692687600,0.1664,0.1664,0.1664,0.1664,307.54724,1
1692691200,0.1671,0.1671,0.1671,0.1671,53.22995383,1
1692698400,0.1669,0.1669,0.1669,0.1669,89,1
1692702000,0.1662,0.1662,0.1662,0.1662,604.89138,1
1692709200,0.1658,0.1658,0.1658,0.1658,662.83232,1
1692723600,0.1643,0.1643,0.1637,0.1637,3580.57751248,4
1692727200,0.1622,0.1632,0.1622,0.1632,1571.79579308,2
1692730800,0.1643,0.1644,0.1643,0.1644,12285.012285,4
1692738000,0.1649,0.1649,0.1649,0.1649,839.61255691,1
1692741600,0.1657,0.1657,0.1657,0.1657,105.94804,1
1692745200,0.1681,0.1681,0.1679,0.1679,931.97584512,2
1692766800,0.1685,0.1685,0.1685,0.1685,1.5E+2,1
1692792000,0.1676,0.1676,0.167,0.167,4084.21499,2
1692795600,0.1667,0.1682,0.1667,0.1682,9942.74313976,3
1692806400,0.17,0.172,0.1699,0.172,64013.96733019,30
1692810000,0.1729,0.1729,0.1729,0.1729,2890.5911259,1
1692813600,0.1723,0.1723,0.1721,0.1721,268.9780245,2
1692824400,0.1727,0.1727,0.1726,0.1726,2925.193978,2
1692849600,0.1718,0.1718,0.1718,0.1718,7896.503011,1
1692853200,0.1719,0.1719,0.1719,0.1719,7896.503011,4
1692874800,0.1719,0.1719,0.1719,0.1719,258.70695,1
1692885600,0.1696,0.1696,0.1696,0.1696,2075,2
1692889200,0.1692,0.1692,0.1685,0.1685,137.5314397,2
1692896400,0.1694,0.1694,0.1694,0.1694,276.21444,2
1692903600,0.1699,0.1699,0.1699,0.1699,2E+2,1
1692907200,0.1692,0.1692,0.1689,0.1689,2911.82114,3
1692925200,0.1686,0.1686,0.1686,0.1686,6.41054,1
1692928800,0.1687,0.1687,0.1687,0.1687,726.33088,1
1692936000,0.1661,0.1661,0.1661,0.1661,931.54083105,1
1692943200,0.1673,0.1673,0.1673,0.1673,5064.05617,1
1692950400,0.1675,0.1675,0.1675,0.1675,6E+2,1
1692972000,0.1699,0.1699,0.1695,0.1695,124.38937,2
1692975600,0.1676,0.1676,0.1676,0.1676,53.80672,1
1692982800,0.1687,0.1687,0.1687,0.1687,570.3205201,1
1693004400,0.1692,0.1692,0.1692,0.1692,401.93279222,1
1693033200,0.1699,0.1699,0.1699,0.1699,55.17948,1
1693062000,0.1682,0.1682,0.1682,0.1682,1.2E+2,1
1693065600,0.1676,0.1676,0.1676,0.1676,168.24012,1
1693098000,0.168,0.168,0.168,0.168,1000.46,1
1693119600,0.1688,0.1688,0.1688,0.1688,309.81161137,1
1693166400,0.1694,0.1694,0.1694,0.1694,896.80294079,1
1693170000,0.1691,0.1691,0.1691,0.1691,5692.80642,1
1693173600,0.1694,0.1694,0.1694,0.1694,7422.66745,1
1693177200,0.1694,0.1701,0.1694,0.1701,1643.76499,2
1693180800,0.1696,0.1696,0.169,0.169,317.42727,2
1693184400,0.1675,0.1675,0.1675,0.1675,3E+2,1
1693198800,0.166,0.166,0.1658,0.1658,426.65862485,2
1693209600,0.166,0.166,0.166,0.166,123.38086115,1
1693249200,0.1683,0.1683,0.1683,0.1683,2890.5911259,1
1693252800,0.1679,0.1679,0.1676,0.1676,369.19979347,2
1693260000,0.1678,0.1678,0.1678,0.1678,8432.62647597,2
1693274400,0.1679,0.1679,0.1679,0.1679,243,1
1693310400,0.1639,0.1644,0.1639,0.1644,335.84777749,2
1693317600,0.1676,0.1745,0.1676,0.1745,13742.82116974,12
1693324800,0.1745,0.176,0.1745,0.1756,14314.86590038,8
1693328400,0.1757,0.1766,0.1757,0.1766,14219.16561357,5
1693332000,0.1767,0.177,0.1767,0.177,27300.0273,5
1693339200,0.1738,0.1738,0.1738,0.1738,41.07315,1
1693342800,0.1752,0.1754,0.1752,0.1754,13650.01365,5
1693346400,0.1766,0.1766,0.1766,0.1766,3E+1,1
1693350000,0.1753,0.1754,0.1753,0.1754,1E+4,3
1693353600,0.1753,0.1753,0.1753,0.1753,230.70859,1
1693357200,0.1731,0.1731,0.1731,0.1731,4E+1,1
1693378800,0.1739,0.1739,0.1739,0.1739,70.74455,1
1693382400,0.1742,0.1742,0.1742,0.1742,168.73145862,1
1693386000,0.1738,0.1738,0.1738,0.1738,2079.09205794,1
1693396800,0.1732,0.1732,0.1729,0.1729,1707.20387982,5
1693400400,0.172,0.1724,0.1686,0.1721,164343.1306785301,27
1693404000,0.1723,0.1727,0.1699,0.1699,6201.67298047,5
1693414800,0.1713,0.1714,0.1713,0.1714,3798.30211166,3
1693418400,0.1704,0.1704,0.1704,0.1704,13.45992,1
1693429200,0.1712,0.1712,0.1711,0.1711,13650.01365,3
1693432800,0.1712,0.1713,0.1709,0.1709,1901.73894933,3
1693447200,0.17,0.17,0.17,0.17,3.5E+2,1
1693465200,0.1712,0.1712,0.1712,0.1712,1309.62378131,1
1693472400,0.1702,0.1702,0.1702,0.1702,1.02E+3,1
1693479600,0.1719,0.1719,0.1719,0.1719,7041.31890066,1
1693486800,0.1716,0.1716,0.1704,0.1704,6286.75916983,3
1693490400,0.17,0.17,0.17,0.17,2.5E+2,1
1693494000,0.169,0.169,0.168,0.168,1405.8159232,3
1693497600,0.167,0.167,0.165,0.165,2.8E+3,5
1693501200,0.1639,0.1641,0.1622,0.164,13418.55421277,11
1693508400,0.1648,0.1648,0.1642,0.1648,5651.29732401,4
1693515600,0.1629,0.1633,0.1629,0.1633,5646.63807739,2
1693530000,0.1644,0.1644,0.1644,0.1644,1232.8632866,1
1693533600,0.1634,0.1634,0.1633,0.1633,18145,2
1693548000,0.163,0.163,0.163,0.163,7.5E+2,1
1693551600,0.1623,0.1623,0.1623,0.1623,6142.5061425,1
1693558800,0.1627,0.1628,0.1627,0.1628,2071.7119,2
1693573200,0.1618,0.1618,0.1618,0.1618,6.6E+2,2
1693576800,0.1602,0.1602,0.1596,0.1598,14902.73132506,5
1693587600,0.1582,0.1582,0.157,0.1574,2136.1224439,4
1693591200,0.1574,0.1586,0.1574,0.1586,1181.82855,2
1693609200,0.1588,0.1588,0.1588,0.1588,3E+1,1
1693612800,0.159,0.1591,0.159,0.1591,3902.4585,2
1693620000,0.1575,0.1575,0.157,0.157,1648.65763,3
1693623600,0.1575,0.1575,0.1575,0.1575,787.28908,1
1693630800,0.1577,0.1584,0.1577,0.1584,5397.4751914,3
1693641600,0.1586,0.1586,0.1586,0.1586,7963.89700027,1
1693652400,0.1578,0.1578,0.1578,0.1578,12.23797,1
1693656000,0.1578,0.1578,0.1578,0.1578,1505,1
1693666800,0.1586,0.1586,0.1586,0.1586,189.61,1
1693681200,0.1582,0.1582,0.1582,0.1582,783.64358,1
1693684800,0.1591,0.1591,0.1591,0.1591,781.80782,1
1693692000,0.1596,0.1596,0.1596,0.1596,1505,1
1693717200,0.1618,0.1623,0.1618,0.1623,2356.44469743,2
1693753200,0.1598,0.1598,0.1598,0.1598,538.11018287,1
1693760400,0.1589,0.1589,0.1589,0.1589,497.68,2
1693771200,0.1607,0.1607,0.1607,0.1607,15.79029,1
1693774800,0.1602,0.1602,0.1602,0.1602,1511.19725,1
1693778400,0.1603,0.1603,0.1603,0.1603,1.5E+2,1
1693782000,0.1611,0.1611,0.1611,0.1611,65.10123,1
1693800000,0.1621,0.1621,0.1621,0.1621,19.44916,1
1693807200,0.1606,0.1606,0.1606,0.1606,155.47263682,1
1693814400,0.1609,0.1609,0.1609,0.1609,67.49446579,1
1693832400,0.1608,0.1608,0.1608,0.1608,5375,3
1693846800,0.1605,0.1605,0.1605,0.1605,330.65919003,1
1693857600,0.16,0.16,0.16,0.16,65.1214,1
1693864800,0.159,0.159,0.159,0.159,2285.881761,3
1693926000,0.1633,0.1633,0.1633,0.1633,96.14650167,1
1693929600,0.1633,0.1633,0.1633,0.1633,251.57232704,1
1693933200,0.163,0.1633,0.163,0.1633,885.8519106,2
1693940400,0.1638,0.1638,0.1636,0.1636,50.50532967,2
1693947600,0.1633,0.164,0.1633,0.1639,4119.88095634,9
1693954800,0.1635,0.1635,0.1632,0.1632,1334.09965449,3
1693958400,0.1631,0.1635,0.1631,0.1635,655.981228,2
1693965600,0.164,0.1643,0.164,0.1643,866.11720788,2
1693987200,0.162,0.1623,0.162,0.1623,3627.54797127,3
1693990800,0.1632,0.1635,0.1631,0.1635,3828.89512106,4
1693994400,0.1642,0.165,0.1642,0.165,4290.46073363,2
1694001600,0.1654,0.1654,0.1647,0.1647,273.07634204,3
1694012400,0.1625,0.1625,0.1625,0.1625,794.65417,1
1694019600,0.1667,0.1667,0.1666,0.1666,512.66656051,3
1694026800,0.1652,0.1652,0.1652,0.1652,230.18775,1
1694041200,0.1656,0.1656,0.1656,0.1656,553.91768,1
1694048400,0.1651,0.1651,0.1651,0.1651,545.7317,2
1694077200,0.1644,0.1644,0.1644,0.1644,196.98391,1
1694080800,0.1646,0.1646,0.1646,0.1646,20.08043,1
1694084400,0.1638,0.1638,0.1638,0.1638,80.25794952,1
1694088000,0.1633,0.1633,0.1633,0.1633,1034.94938175,2
1694098800,0.1651,0.1654,0.1651,0.1654,6688.53507228,6
1694113200,0.1654,0.1654,0.1644,0.1644,100001.95709,14
1694120400,0.1665,0.1675,0.1665,0.1669,6154.1415372,5
1694127600,0.1665,0.1665,0.1665,0.1665,9171.50718435,1
1694131200,0.1665,0.1675,0.1665,0.1675,418.85794952,3
1694156400,0.167,0.167,0.167,0.167,1723.42115539,1
1694167200,0.1643,0.1643,0.1643,0.1643,1649.3416054,1
1694203200,0.1646,0.1646,0.1646,0.1646,721.49117796,1
1694210400,0.1654,0.1654,0.1654,0.1654,569.4212,1
1694214000,0.1651,0.1651,0.1651,0.1651,554.425,1
1694228400,0.1656,0.1656,0.1656,0.1656,965,1
1694264400,0.1649,0.1649,0.1649,0.1649,1273.108027,2
1694278800,0.167,0.167,0.167,0.167,990.89379782,1
1694282400,0.1671,0.1677,0.1671,0.1677,157.8768308,2
1694289600,0.1692,0.1699,0.169,0.169,2870.51874952,4
1694293200,0.1694,0.1699,0.1691,0.1691,75863.37248699,15
1694307600,0.1663,0.1663,0.1663,0.1663,89.75411,1
1694318400,0.1618,0.1618,0.1602,0.1609,11934.7953214,11
1694322000,0.1634,0.1634,0.1633,0.1633,593.45944033,2
1694325600,0.1636,0.1636,0.1626,0.1626,48543.34,8
1694329200,0.164,0.164,0.1638,0.1638,4112.0010738,2
1694340000,0.1632,0.1632,0.1632,0.1632,9171.50718435,1
1694343600,0.1633,0.1633,0.1633,0.1633,9446.98413182,2
1694350800,0.1642,0.1642,0.1642,0.1642,722.15027465,1
1694358000,0.1621,0.1621,0.1621,0.1621,488.5872918,1
1694361600,0.1605,0.1605,0.1588,0.1588,3077.31057135,4
1694365200,0.1599,0.1599,0.1599,0.1599,126.54283925,4
1694368800,0.1599,0.1608,0.1598,0.1608,1579.73149459,19
1694376000,0.1623,0.1627,0.1623,0.1627,1556.55014,3
1694379600,0.163,0.1634,0.1629,0.1634,6750.3786,9
1694383200,0.1637,0.1637,0.1637,0.1637,2075.23407313,1
1694386800,0.1624,0.1624,0.1624,0.1624,1.1E+2,1
1694394000,0.1609,0.1609,0.1609,0.1609,456.91263,1
1694422800,0.159,0.159,0.1581,0.1583,15638.48358008,6
1694426400,0.1561,0.1564,0.155,0.155,187277.20273164,44
1694430000,0.1558,0.1558,0.1558,0.1558,14256.12323491,4
1694437200,0.1563,0.1563,0.1563,0.1563,6753.49629761,1
1694440800,0.1551,0.1551,0.1542,0.1542,6251.53925887,4
1694451600,0.1545,0.1545,0.1545,0.1545,64724.91909385,12
1694455200,0.1541,0.1541,0.1531,0.1531,13773.89475088,6
1694458800,0.1531,0.1531,0.1512,0.1516,28623.08501279,10
1694462400,0.1523,0.1525,0.1523,0.1524,10306.68,4
1694469600,0.1525,0.1529,0.1525,0.1528,11918.9609648,3
1694476800,0.1538,0.1538,0.1538,0.1538,254.95333,1
1694480400,0.1537,0.1537,0.1534,0.1534,429.22911267,2
1694484000,0.1531,0.1531,0.1531,0.1531,6555,1
1694487600,0.1547,0.1577,0.1547,0.1571,8094.58966913,6
1694491200,0.1567,0.1567,0.1567,0.1567,3638.39892,1
1694498400,0.1568,0.1568,0.1568,0.1568,292.82082713,1
1694502000,0.1555,0.1555,0.1555,0.1555,6905.02789,1
1694512800,0.1573,0.1595,0.1573,0.1584,14122.04858,6
1694530800,0.1568,0.1568,0.1567,0.1567,112.12025,2
1694534400,0.158,0.158,0.158,0.158,9E+2,1
1694563200,0.1544,0.1546,0.1544,0.1546,1044.89198452,4
1694566800,0.1557,0.1557,0.1557,0.1557,55.26411,1
1694574000,0.1556,0.1556,0.1556,0.1556,6.5E+3,1
1694588400,0.1568,0.1598,0.1568,0.1582,4910.27523381,7
1694602800,0.1585,0.1585,0.1585,0.1585,561,1
1694606400,0.1579,0.1579,0.1579,0.1579,316.14946168,1
1694610000,0.159,0.159,0.1587,0.1587,6030.83396226,3
1694624400,0.1598,0.1598,0.1598,0.1598,21.24072,1
1694635200,0.1593,0.1593,0.1593,0.1593,126.27969,1
1694638800,0.1594,0.1594,0.1594,0.1594,5E+2,1
1694642400,0.1598,0.1598,0.1598,0.1598,3341.57061,1
1694656800,0.1603,0.1605,0.1603,0.1605,6048.79151,2
1694660400,0.1602,0.1602,0.1602,0.1602,1054.34047963,1
1694664000,0.1596,0.1596,0.1596,0.1596,3125,1
1694667600,0.1595,0.1595,0.1595,0.1595,6.3E+3,1
1694696400,0.1625,0.1631,0.1625,0.1631,3.95E+3,9
1694700000,0.1632,0.1632,0.1632,0.1632,1838.23529411,2
1694710800,0.1644,0.165,0.1643,0.165,29951.8910538,16
1694714400,0.165,0.1652,0.165,0.165,83508.97089317,19
1694728800,0.1657,0.1659,0.1657,0.1659,17291.48966357,4
1694732400,0.166,0.166,0.166,0.166,593.50703,1
1694746800,0.1668,0.1672,0.1668,0.1672,4596.57222975,2
1694757600,0.1664,0.1664,0.1664,0.1664,3E+3,1
1694761200,0.1652,0.1652,0.1652,0.1652,1428.59280018,1
1694790000,0.169,0.169,0.169,0.169,135.90169,1
1694800800,0.1691,0.1696,0.1691,0.1696,30664,6
1694804400,0.1697,0.1697,0.1695,0.1696,33336.89321268,7
1694808000,0.1699,0.1699,0.168,0.168,11744.78849308,4
1694811600,0.1698,0.1698,0.1696,0.1696,10055.80474095,3
1694818800,0.1719,0.1719,0.1719,0.1719,23.92082,1
1694822400,0.1747,0.1776,0.1747,0.1764,8539.56163955,8
1694826000,0.1759,0.1759,0.1759,0.1759,1.38E+3,2
1694836800,0.174,0.174,0.174,0.174,122.67011494,1
1694840400,0.1746,0.1746,0.1746,0.1746,8547.71142857,2
1694844000,0.1746,0.1746,0.1743,0.1743,1289.40692129,2
1694872800,0.1732,0.1732,0.1732,0.1732,113.1754,1
1694894400,0.1755,0.1757,0.1752,0.1752,49648.46603467,9
1694898000,0.1759,0.1759,0.1759,0.1759,1.5E+3,1
1694901600,0.1758,0.1759,0.1751,0.1751,15380.54587419,34
1694905200,0.1758,0.1758,0.1758,0.1758,35.25868319,1
1694908800,0.1749,0.1749,0.1718,0.1718,184.04313378,5
1694912400,0.1708,0.1723,0.1708,0.1723,77.07693232,2
1694919600,0.1724,0.1724,0.1724,0.1724,3011.44249,2
1694926800,0.1715,0.1716,0.1715,0.1716,12178.26129,3
1694934000,0.1708,0.1708,0.1697,0.1697,77.37316603,2
1694937600,0.1691,0.1696,0.1691,0.1696,393.75830606,2
1694941200,0.1708,0.1708,0.1708,0.1708,1027.86124,1
1694944800,0.1712,0.1712,0.1712,0.1712,38.76498538,1
1694955600,0.1704,0.1704,0.1704,0.1704,1027.86125,2
1694962800,0.1697,0.1698,0.1696,0.1698,6476.16701868,4
1694966400,0.169,0.169,0.1685,0.1685,176.47631,3
1694970000,0.1677,0.1677,0.1671,0.1673,8812.27600985,3
1694973600,0.1667,0.1667,0.1667,0.1667,39.51003012,1
1694980800,0.1657,0.1657,0.1647,0.1647,79.73828517,2
1694988000,0.1646,0.1646,0.1646,0.1646,9.1E+2,1
1694995200,0.1662,0.1662,0.1647,0.1647,79.93163352,2
1695002400,0.1662,0.1674,0.1662,0.1672,2321.87788832,4
1695009600,0.1682,0.1682,0.1682,0.1682,39.46261561,1
1695016800,0.1692,0.1692,0.1692,0.1692,39.22729887,1
1695024000,0.1692,0.1692,0.1691,0.1691,815,2
1695027600,0.1702,0.1709,0.1702,0.1709,15042.28851974,8
1695031200,0.1712,0.1723,0.1712,0.1723,77.28031337,2
1695049200,0.1712,0.1712,0.1712,0.1712,396.16694969,1
1695052800,0.1708,0.1708,0.1708,0.1708,38.56160433,1
1695056400,0.1703,0.1703,0.1697,0.1697,1410.18032269,2
1695074400,0.17,0.17,0.17,0.17,16.27531,1
1695078000,0.17,0.17,0.1698,0.17,18381.18651888,7
1695081600,0.1687,0.1687,0.1687,0.1687,39.0416243,1
1695088800,0.1702,0.1705,0.1702,0.1705,323.6668219,2
1695099600,0.1712,0.1712,0.1712,0.1712,38.76498538,1
1695106800,0.1713,0.1713,0.1713,0.1713,726.13530716,1
1695110400,0.1713,0.1718,0.1713,0.1718,2161.56596585,3
1695114000,0.1723,0.1733,0.1723,0.1733,76.80646896,2
1695117600,0.1718,0.1718,0.1718,0.1718,38.33714796,1
1695128400,0.1715,0.1715,0.1708,0.1708,61024.75419986,25
1695139200,0.1722,0.1722,0.1721,0.1721,1058.33652766,3
1695142800,0.1708,0.1708,0.1704,0.1704,12513.64456123,5
1695182400,0.1697,0.1697,0.1697,0.1697,38.8115617,1
1695193200,0.1694,0.1694,0.1694,0.1694,2650.69857,2
1695196800,0.1712,0.1712,0.1712,0.1712,38.76498538,1
1695204000,0.1702,0.1702,0.1702,0.1702,581.0468315,1
1695207600,0.1723,0.1733,0.1723,0.1733,76.80646897,2
1695211200,0.1743,0.175,0.1743,0.175,10038.06954872,4
1695214800,0.175,0.1775,0.175,0.1775,144.39500404,4
1695218400,0.1785,0.1797,0.177,0.177,11736.05886171,11
1695222000,0.1759,0.1769,0.1759,0.1767,34555.76445304,12
1695225600,0.1775,0.1778,0.1775,0.1778,599.8283206,2
1695232800,0.1786,0.1797,0.1786,0.1797,74.10285719,2
1695236400,0.1799,0.1805,0.1769,0.1783,52494.00675315,33
1695240000,0.1782,0.1786,0.1782,0.1786,342.94436351,2
1695243600,0.1797,0.1809,0.1797,0.1809,683.01482151,4
1695247200,0.1809,0.1818,0.1809,0.1818,769.84220023,3
1695250800,0.181,0.181,0.1803,0.1803,26377.00001,11
1695254400,0.1812,0.1818,0.1799,0.1818,1044.81412667,4
1695258000,0.1802,0.1802,0.177,0.177,7915.8812643,12
1695268800,0.1783,0.1783,0.1783,0.1783,209,1
1695276000,0.1759,0.1759,0.1759,0.1759,37.44355895,1
1695283200,0.1749,0.1749,0.1748,0.1748,137.84143667,2
1695286800,0.1739,0.1739,0.1718,0.1718,9574.16462729,5
1695290400,0.1708,0.1708,0.1697,0.1697,588.71148633,5
1695294000,0.1712,0.1712,0.1712,0.1712,38.76498538,1
1695301200,0.1697,0.1697,0.1697,0.1697,38.8115617,1
1695304800,0.1712,0.1723,0.1712,0.1723,77.28031338,2
1695308400,0.1723,0.1723,0.1723,0.1723,1E+4,2
1695315600,0.1717,0.1717,0.1717,0.1717,358.28765,1
1695326400,0.1711,0.1711,0.1708,0.1708,216.56577433,2
1695333600,0.1721,0.1721,0.1721,0.1721,116.21150493,1
1695337200,0.1723,0.1723,0.1723,0.1723,38.51532799,1
1695340800,0.1733,0.1786,0.1733,0.1786,1851.45167976,16
1695348000,0.1791,0.1791,0.177,0.177,7238.40571011,5
1695358800,0.1759,0.1759,0.1759,0.1759,414.42355895,2
1695369600,0.1771,0.178,0.1771,0.178,2405.93795017,3
1695384000,0.1774,0.1774,0.177,0.177,31745.73952881,3
1695391200,0.1771,0.1772,0.1771,0.1772,8363.78340164,2
1695398400,0.178,0.1783,0.178,0.1783,376.90847339,2
1695402000,0.1771,0.1771,0.1771,0.1771,1894.39186899,1
1695409200,0.1785,0.179,0.1785,0.179,9072.53746068,20
1695416400,0.1776,0.1781,0.1772,0.1781,5528.15073,3
1695430800,0.1781,0.1781,0.1781,0.1781,1898.91602266,1
1695438000,0.177,0.177,0.177,0.177,37.21085887,1
1695445200,0.1786,0.1786,0.1786,0.1786,37.16620351,1
1695474000,0.1782,0.1782,0.1782,0.1782,1E+2,1
1695492000,0.1782,0.1782,0.1779,0.1779,28815.48,7
1695499200,0.1781,0.1781,0.1781,0.1781,115.64956,1
1695513600,0.1791,0.1791,0.1791,0.1791,5420.0542,1
1695517200,0.177,0.177,0.1767,0.1767,216.26434155,4
1695520800,0.177,0.177,0.177,0.177,2824.85875706,1
1695531600,0.1786,0.1786,0.1786,0.1786,37.1662035,1
1695535200,0.1797,0.1797,0.1797,0.1797,36.93665367,1
1695564000,0.1797,0.1829,0.1797,0.1803,912.26837798,9
1695567600,0.1801,0.1801,0.1791,0.1791,37994.03199101,10
1695571200,0.1789,0.1789,0.1789,0.1789,3E+1,1
1695578400,0.1781,0.1781,0.1779,0.1779,1352.43754983,2
1695582000,0.177,0.177,0.177,0.177,37.21085887,1
1695596400,0.1759,0.1759,0.174,0.174,37599.49577313,9
1695600000,0.1739,0.1739,0.1718,0.1733,3817.44171289,9
1695603600,0.1743,0.1748,0.1741,0.1741,1157.79925314,3
1695607200,0.1733,0.1733,0.1733,0.1733,737.52320792,1
1695610800,0.1732,0.1734,0.1728,0.1728,38943.26441075,10
1695628800,0.1718,0.1718,0.1718,0.1718,38.33714796,1
1695632400,0.1709,0.1709,0.1709,0.1709,649.94110976,2
1695639600,0.1708,0.1708,0.1708,0.1708,38.56160433,1
1695643200,0.1697,0.1697,0.1691,0.1691,338.8115617,2
1695650400,0.1711,0.1711,0.171,0.171,6133.12636002,3
1695654000,0.1712,0.1724,0.1712,0.1724,355.37574358,4
1695657600,0.1733,0.1736,0.1732,0.1736,8778.84413637,4
1695668400,0.1729,0.1729,0.1729,0.1729,5E+3,2
1695675600,0.1734,0.1734,0.1732,0.1732,283.07268,2
1695679200,0.1737,0.1737,0.1736,0.1736,11570.55229357,3
1695682800,0.1737,0.1751,0.1737,0.1751,222457.6275882901,64
1695686400,0.1749,0.1749,0.1749,0.1749,1890.94338744,1
1695693600,0.1754,0.1754,0.1754,0.1754,37.82874077,1
1695697200,0.1758,0.1758,0.1758,0.1758,301.47994,1
1695700800,0.1746,0.1746,0.1745,0.1745,2853.65504692,2
1695708000,0.1739,0.1739,0.1739,0.1739,847.65395066,2
1695718800,0.1728,0.1728,0.1727,0.1727,568.16069998,2
1695726000,0.1725,0.1725,0.1725,0.1725,9171.50718435,1
1695733200,0.1718,0.1718,0.1718,0.1718,14753.12178125,2
1695736800,0.1715,0.1715,0.1715,0.1715,1196.98602822,1
1695740400,0.1708,0.1708,0.1708,0.1708,38.56160433,1
1695751200,0.1707,0.1707,0.1705,0.1705,669.48,2
1695754800,0.1703,0.1703,0.1687,0.1691,30797.42381103,13
1695762000,0.1689,0.1689,0.1677,0.1677,32804.97680345,10
1695765600,0.1692,0.1699,0.1692,0.1699,173.51741088,2
1695769200,0.1701,0.1706,0.1701,0.1706,2600.09633,5
1695772800,0.1712,0.1714,0.1712,0.1714,2621.70691818,2
1695776400,0.1709,0.1711,0.1709,0.1711,3896.82098655,3
1695780000,0.1712,0.1712,0.1712,0.1712,3903.14499089,2
1695783600,0.1714,0.1716,0.1714,0.1716,1016.58710527,2
1695787200,0.1713,0.1716,0.1712,0.1716,10833.95273409,3
1695805200,0.171,0.171,0.171,0.171,1967.32535174,2
1695808800,0.1718,0.1725,0.1718,0.1723,11129.28179164,7
1695812400,0.1724,0.1724,0.1723,0.1723,604.08499263,2
1695816000,0.1719,0.1719,0.1719,0.1719,2249.58123581,1
1695823200,0.1708,0.1708,0.1684,0.1684,5326.27009646,8
1695830400,0.1693,0.1693,0.1693,0.1693,1446.42799502,1
1695837600,0.1694,0.1694,0.1694,0.1694,41.1529,1
1695844800,0.1702,0.1702,0.1702,0.1702,38.9947719,1
1695859200,0.1712,0.1712,0.1712,0.1712,38.76498538,1
1695862800,0.1711,0.1711,0.1711,0.1711,794.76120073,1
1695866400,0.1709,0.1709,0.1708,0.1708,263.60190296,2
1695895200,0.1719,0.1719,0.1719,0.1719,3035.41795037,1
1695902400,0.1723,0.1723,0.1715,0.1715,3420.71418826,5
1695906000,0.1717,0.1717,0.1711,0.1711,7289.20595086,7
1695909600,0.1726,0.1729,0.1726,0.1729,318.41810605,3
1695913200,0.1726,0.1733,0.1726,0.1733,2902.92548626,4
1695916800,0.1734,0.1741,0.1734,0.1738,1627.65491293,4
1695924000,0.1734,0.1734,0.1725,0.1725,55626.79731998,5
1695934800,0.1734,0.1734,0.1734,0.1734,788.70517315,1
1695938400,0.1743,0.1743,0.1743,0.1743,38.06954872,1
1695945600,0.175,0.175,0.175,0.175,1E+4,2
1695949200,0.175,0.1754,0.175,0.1754,8678.38173617,2
1695952800,0.1749,0.1749,0.1749,0.1749,2824.85875706,1
1695963600,0.1749,0.1751,0.1749,0.1751,940.87703873,2
1695970800,0.1754,0.1754,0.1751,0.1751,18882.22974647,3
1695974400,0.1757,0.1757,0.1757,0.1757,1436.04018399,1
1695981600,0.176,0.176,0.176,0.176,1166.38195,1
1695988800,0.1765,0.1765,0.1743,0.1747,14839.03575688,5
1695996000,0.1739,0.1752,0.1728,0.1752,1612.1505258,4
1696010400,0.1739,0.1739,0.1739,0.1739,1E+3,1
1696014000,0.1744,0.1744,0.174,0.174,17238,6
1696021200,0.1754,0.1754,0.1754,0.1754,1534.76681868,4
1696035600,0.175,0.175,0.175,0.175,65,1
1696042800,0.1758,0.1758,0.175,0.175,2728.35113073,4
1696053600,0.1763,0.1763,0.1763,0.1763,2825.89528944,1
1696064400,0.1765,0.1765,0.1765,0.1765,37.65764449,1
1696075200,0.1766,0.1775,0.1766,0.1775,10233.26773757,6
1696078800,0.1775,0.1778,0.1773,0.1773,16835.63180799,5
1696082400,0.1771,0.1778,0.1771,0.1778,550.75585442,2
1696086000,0.1778,0.1778,0.1778,0.1778,489.31383577,1
1696089600,0.1778,0.1781,0.1778,0.1781,4154.65481881,2
1696104000,0.1777,0.1777,0.1777,0.1777,1108.85951,1
1696107600,0.1769,0.1769,0.1769,0.1769,1994.9568348,1
1696114800,0.1775,0.1775,0.1774,0.1774,5E+3,2
